{"v":"5.7.1","fr":25,"ip":0,"op":100,"w":1085,"h":1080,"nm":"Comp 1","ddd":0,"assets":[],"layers":[{"ddd":0,"ind":1,"ty":4,"nm":"Shape Layer 1","sr":1,"ks":{"o":{"a":0,"k":100,"ix":11},"r":{"a":1,"k":[{"i":{"x":[0.667],"y":[1]},"o":{"x":[0.333],"y":[0]},"t":0,"s":[0]},{"i":{"x":[0.667],"y":[1]},"o":{"x":[0.333],"y":[0]},"t":50,"s":[10]},{"t":100,"s":[0]}],"ix":10},"p":{"a":0,"k":[938.5,624,0],"ix":2},"a":{"a":0,"k":[1252,728,0],"ix":1},"s":{"a":0,"k":[100,100,100],"ix":6}},"ao":0,"shapes":[{"ty":"gr","it":[{"ty":"gr","it":[{"ind":0,"ty":"sh","ix":1,"ks":{"a":0,"k":{"i":[[2.534,-14.682],[0.47,0.01],[0,0],[21.89,-6.66],[9.88,-2.63],[9.629,-1.424],[1.37,-0.14],[8.43,10.56],[0,0],[0.768,1.485],[1.161,25.981],[55.25,24.49],[-3.953,18.634],[-3.274,11.314],[-0.92,3.02],[-25.267,11.42],[-0.241,1.43],[-2.811,18.45],[-1.33,20.39],[-9.948,6.47],[-4.411,0.658],[0,0],[0,0],[-5.51,-60.87],[-8.471,-44.84],[-0.06,-0.37],[-0.409,-3.25],[-0.19,-3.011]],"o":[[-0.45,0],[0,0],[-13.09,-0.32],[-9.71,3],[-9.388,2.572],[-1.399,0.19],[-17.819,1.89],[0,0],[-1.023,-1.322],[-11,-21.12],[-37.069,4.49],[-1.579,-9.613],[1.92,-9.14],[0.82,-2.88],[63.333,16.587],[0.23,-1.48],[3,-18.59],[3.37,-21.58],[0.641,-11.849],[3.773,-2.376],[0,0],[0,0],[6.11,-0.9],[3.589,39.86],[0.069,0.361],[0.56,3.061],[0.351,2.85],[0.873,14.873]],"v":[[158.774,146.815],[157.394,146.735],[156.734,146.735],[101.524,159.265],[71.894,167.895],[43.343,173.895],[39.182,174.395],[-2.106,163.485],[-2.386,163.135],[-5.078,158.915],[-22.078,87.645],[-160.568,59.895],[-157.006,17.525],[-149.216,-13.155],[-146.606,-22.005],[-13.707,-14.255],[-13.006,-18.685],[-4.006,-74.415],[3.553,-137.635],[20.404,-166.785],[32.813,-171.385],[54.903,-174.635],[60.033,-175.385],[121.543,-27.825],[158.854,83.015],[159.053,84.105],[160.463,93.555],[161.274,102.336]],"c":true},"ix":2},"nm":"Path 1","mn":"ADBE Vector Shape - Group","hd":false},{"ty":"fl","c":{"a":0,"k":[0.5882352941176471,0.03137254901960784,0.03137254901960784,1],"ix":4},"o":{"a":0,"k":100,"ix":5},"r":1,"bm":0,"nm":"Fill 1","mn":"ADBE Vector Graphic - Fill","hd":false},{"ty":"tr","p":{"a":0,"k":[1210.927,764.185],"ix":2},"a":{"a":0,"k":[0,0],"ix":1},"s":{"a":0,"k":[100,100],"ix":3},"r":{"a":0,"k":0,"ix":6},"o":{"a":0,"k":100,"ix":7},"sk":{"a":0,"k":0,"ix":4},"sa":{"a":0,"k":0,"ix":5},"nm":"Transform"}],"nm":"kid shirt","np":4,"cix":2,"bm":0,"ix":1,"mn":"ADBE Vector Group","hd":false},{"ty":"gr","it":[{"ind":0,"ty":"sh","ix":1,"ks":{"a":0,"k":{"i":[[20.27,17.291],[40.33,21.04],[0,0],[-31.86,5.16]],"o":[[-26.521,3.16],[0,0],[28.841,24.6],[25.1,-4.06]],"v":[[46.831,-20.975],[-55.949,-40.305],[-67.1,-2.525],[32.49,35.145]],"c":true},"ix":2},"nm":"Path 1","mn":"ADBE Vector Shape - Group","hd":false},{"ty":"fl","c":{"a":0,"k":[0.4392156862745098,0.011764705882352941,0.011764705882352941,1],"ix":4},"o":{"a":0,"k":100,"ix":5},"r":1,"bm":0,"nm":"Fill 1","mn":"ADBE Vector Graphic - Fill","hd":false},{"ty":"tr","p":{"a":0,"k":[1177.41,705.835],"ix":2},"a":{"a":0,"k":[0,0],"ix":1},"s":{"a":0,"k":[100,100],"ix":3},"r":{"a":0,"k":0,"ix":6},"o":{"a":0,"k":100,"ix":7},"sk":{"a":0,"k":0,"ix":4},"sa":{"a":0,"k":0,"ix":5},"nm":"Transform"}],"nm":"kid sleeve","np":4,"cix":2,"bm":0,"ix":2,"mn":"ADBE Vector Group","hd":false},{"ty":"gr","it":[{"ind":0,"ty":"sh","ix":1,"ks":{"a":0,"k":{"i":[[0,0],[0,0],[6.493,-0.746],[9.65,0.88],[3.581,-4.3],[-7.04,-7.731],[-24.33,-4.05],[-15.486,-9.36]],"o":[[0,0],[-6.621,-18.666],[-5.241,-1.859],[-9.65,-0.88],[-5.299,6.36],[13.151,14.439],[12.713,2.12],[0,0]],"v":[[-6.22,43.175],[-41.449,27.715],[-61.12,0.835],[-64.86,21.295],[-103.03,9.135],[-94.31,39.696],[-46.73,62.396],[-4.431,79.615]],"c":true},"ix":2},"nm":"Path 1","mn":"ADBE Vector Shape - Group","hd":false},{"ind":1,"ty":"sh","ix":2,"ks":{"a":0,"k":{"i":[[0,0],[0,0],[13.1,7.366],[-7.3,-10.95],[2.74,-4.03],[3.09,-6.491],[-29.833,-4.866],[0,0]],"o":[[0,0],[-14.233,-14.573],[-3.9,-1.201],[7.3,10.95],[-2.74,4.031],[-2.073,4.333],[0,0],[0,0]],"v":[[108.329,-10.274],[28.15,-45.335],[-12.85,-78.244],[-16.081,-68.665],[-4.311,-41.795],[-18.401,-35.304],[23.24,-21.505],[83.729,25.925]],"c":true},"ix":2},"nm":"Path 2","mn":"ADBE Vector Shape - Group","hd":false},{"ty":"mm","mm":1,"nm":"Merge Paths 1","mn":"ADBE Vector Filter - Merge","hd":false},{"ty":"fl","c":{"a":0,"k":[0.830999995213,0.630999995213,0.505999995213,1],"ix":4},"o":{"a":0,"k":100,"ix":5},"r":1,"bm":0,"nm":"Fill 1","mn":"ADBE Vector Graphic - Fill","hd":false},{"ty":"tr","p":{"a":0,"k":[1080.1,709.965],"ix":2},"a":{"a":0,"k":[0,0],"ix":1},"s":{"a":0,"k":[100,100],"ix":3},"r":{"a":0,"k":0,"ix":6},"o":{"a":0,"k":100,"ix":7},"sk":{"a":0,"k":0,"ix":4},"sa":{"a":0,"k":0,"ix":5},"nm":"Transform"}],"nm":"kid hands","np":6,"cix":2,"bm":0,"ix":3,"mn":"ADBE Vector Group","hd":false},{"ty":"tr","p":{"a":0,"k":[1253.505,776.38],"ix":2},"a":{"a":0,"k":[1253.505,776.38],"ix":1},"s":{"a":0,"k":[100,100],"ix":3},"r":{"a":0,"k":0,"ix":6},"o":{"a":0,"k":100,"ix":7},"sk":{"a":0,"k":0,"ix":4},"sa":{"a":0,"k":0,"ix":5},"nm":"Transform"}],"nm":"kid body","np":3,"cix":2,"bm":0,"ix":1,"mn":"ADBE Vector Group","hd":false}],"ip":0,"op":4521,"st":0,"bm":0},{"ddd":0,"ind":2,"ty":4,"nm":"Shape Layer 2","sr":1,"ks":{"o":{"a":0,"k":100,"ix":11},"r":{"a":1,"k":[{"i":{"x":[0.667],"y":[1]},"o":{"x":[0.333],"y":[0]},"t":0,"s":[-15.042]},{"i":{"x":[0.667],"y":[1]},"o":{"x":[0.333],"y":[0]},"t":50,"s":[1.958]},{"t":100,"s":[-15.042]}],"ix":10},"p":{"a":1,"k":[{"i":{"x":0.667,"y":1},"o":{"x":0.333,"y":0},"t":0,"s":[922.5,452,0],"to":[4.667,0,0],"ti":[0,0,0]},{"i":{"x":0.667,"y":1},"o":{"x":0.333,"y":0},"t":50,"s":[950.5,452,0],"to":[0,0,0],"ti":[4.667,0,0]},{"t":100,"s":[922.5,452,0]}],"ix":2},"a":{"a":0,"k":[1247.592,556.915,0],"ix":1},"s":{"a":0,"k":[100,100,100],"ix":6}},"ao":0,"shapes":[{"ty":"gr","it":[{"ty":"gr","it":[{"ty":"gr","it":[{"ind":0,"ty":"sh","ix":1,"ks":{"a":0,"k":{"i":[[0,0],[0,0]],"o":[[0,0],[0,0]],"v":[[-16.91,-2.52],[16.91,2.52]],"c":false},"ix":2},"nm":"Path 1","mn":"ADBE Vector Shape - Group","hd":false},{"ty":"st","c":{"a":0,"k":[0.097999999102,0.093999997307,0.277999997606,1],"ix":3},"o":{"a":0,"k":100,"ix":4},"w":{"a":0,"k":1.58,"ix":5},"lc":1,"lj":1,"ml":10,"bm":0,"nm":"Stroke 1","mn":"ADBE Vector Graphic - Stroke","hd":false},{"ty":"tr","p":{"a":0,"k":[1230.429,520.8],"ix":2},"a":{"a":0,"k":[0,0],"ix":1},"s":{"a":0,"k":[100,100],"ix":3},"r":{"a":0,"k":0,"ix":6},"o":{"a":0,"k":100,"ix":7},"sk":{"a":0,"k":0,"ix":4},"sa":{"a":0,"k":0,"ix":5},"nm":"Transform"}],"nm":"Group 1","np":2,"cix":2,"bm":0,"ix":1,"mn":"ADBE Vector Group","hd":false},{"ty":"gr","it":[{"ind":0,"ty":"sh","ix":1,"ks":{"a":0,"k":{"i":[[0,0],[0,0],[0,0],[0,0]],"o":[[0,0],[0,0],[0,0],[0,0]],"v":[[-7.668,-9.279],[10.11,-6.533],[7.668,9.28],[-10.11,6.534]],"c":true},"ix":2},"nm":"Path 1","mn":"ADBE Vector Shape - Group","hd":false},{"ty":"st","c":{"a":0,"k":[0.097999999102,0.093999997307,0.277999997606,1],"ix":3},"o":{"a":0,"k":100,"ix":4},"w":{"a":0,"k":1.58,"ix":5},"lc":1,"lj":1,"ml":10,"bm":0,"nm":"Stroke 1","mn":"ADBE Vector Graphic - Stroke","hd":false},{"ty":"tr","p":{"a":0,"k":[1204.329,518.469],"ix":2},"a":{"a":0,"k":[0,0],"ix":1},"s":{"a":0,"k":[100,100],"ix":3},"r":{"a":0,"k":0,"ix":6},"o":{"a":0,"k":100,"ix":7},"sk":{"a":0,"k":0,"ix":4},"sa":{"a":0,"k":0,"ix":5},"nm":"Transform"}],"nm":"Group 2","np":2,"cix":2,"bm":0,"ix":2,"mn":"ADBE Vector Group","hd":false},{"ty":"tr","p":{"a":0,"k":[1220.779,518.469],"ix":2},"a":{"a":0,"k":[1220.779,518.469],"ix":1},"s":{"a":0,"k":[100,100],"ix":3},"r":{"a":0,"k":0,"ix":6},"o":{"a":0,"k":100,"ix":7},"sk":{"a":0,"k":0,"ix":4},"sa":{"a":0,"k":0,"ix":5},"nm":"Transform"}],"nm":"Glasses","np":2,"cix":2,"bm":0,"ix":1,"mn":"ADBE Vector Group","hd":false},{"ty":"gr","it":[{"ty":"gr","it":[{"ind":0,"ty":"sh","ix":1,"ks":{"a":0,"k":{"i":[[7.32,0.43],[-8.989,-1.2],[-4.62,26.21],[-0.13,0.91],[-23.92,-3.18],[45.409,6],[14.34,-5.32],[4,5.2],[1.795,1.247],[1.418,0.712],[12.689,2.14],[2.3,0.26],[12.04,1.61],[2.299,-12.89],[-11.399,-2.19],[-8.182,-1.568],[0.701,-4.244],[-0.027,-4.42],[-2.759,-0.36],[1.269,-7.22]],"o":[[4.16,14.2],[17.061,2.27],[0.17,-0.92],[15.721,15.64],[32.5,4.33],[-30.88,-4.11],[-1.21,-8.12],[-1.196,-1.83],[-1.242,-0.99],[-7.351,-4.16],[-2.37,-0.41],[2.229,-12.86],[-12.04,-1.61],[-2.201,12.47],[7.558,3.506],[-1.697,3.952],[-0.744,4.357],[2.489,-2.32],[7.731,1],[-1.62,9.15]],"v":[[-61.975,39.775],[-41.605,66.415],[-3.495,19.705],[-3.055,16.955],[45.865,63.715],[58.206,-6.285],[-3.055,-2.285],[-11.055,-22.675],[-15.584,-27.335],[-19.584,-29.895],[-50.674,-39.895],[-57.674,-40.895],[-75.414,-67.075],[-101.414,-46.635],[-84.855,-20.565],[-61.155,-12.925],[-64.765,-0.585],[-65.844,12.605],[-57.575,9.325],[-46.924,25.085]],"c":true},"ix":2},"nm":"Path 1","mn":"ADBE Vector Shape - Group","hd":false},{"ty":"fl","c":{"a":0,"k":[0.187999994615,0.187999994615,0.187999994615,1],"ix":4},"o":{"a":0,"k":100,"ix":5},"r":1,"bm":0,"nm":"Fill 1","mn":"ADBE Vector Graphic - Fill","hd":false},{"ty":"tr","p":{"a":0,"k":[1313.155,510.425],"ix":2},"a":{"a":0,"k":[0,0],"ix":1},"s":{"a":0,"k":[100,100],"ix":3},"r":{"a":0,"k":0,"ix":6},"o":{"a":0,"k":100,"ix":7},"sk":{"a":0,"k":0,"ix":4},"sa":{"a":0,"k":0,"ix":5},"nm":"Transform"}],"nm":"kid hair","np":4,"cix":2,"bm":0,"ix":1,"mn":"ADBE Vector Group","hd":false},{"ty":"gr","it":[{"ind":0,"ty":"sh","ix":1,"ks":{"a":0,"k":{"i":[[0,0],[-1.92,17.5],[17.11,-23.54],[-13.439,-10.33],[-21.31,7.84],[0,0],[0,0]],"o":[[12.29,-11.29],[5.521,-50.4],[-17.109,23.54],[10.78,8.29],[0,0],[0,0],[0,0]],"v":[[23.609,0.705],[47.359,-42.655],[-31.261,-67.185],[-39.441,19.605],[-0.361,19.475],[-21.071,85.475],[25.819,93.055]],"c":true},"ix":2},"nm":"Path 1","mn":"ADBE Vector Shape - Group","hd":false},{"ty":"fl","c":{"a":0,"k":[0.830999995213,0.630999995213,0.505999995213,1],"ix":4},"o":{"a":0,"k":100,"ix":5},"r":1,"bm":0,"nm":"Fill 1","mn":"ADBE Vector Graphic - Fill","hd":false},{"ty":"tr","p":{"a":0,"k":[1245.111,555.425],"ix":2},"a":{"a":0,"k":[0,0],"ix":1},"s":{"a":0,"k":[100,100],"ix":3},"r":{"a":0,"k":0,"ix":6},"o":{"a":0,"k":100,"ix":7},"sk":{"a":0,"k":0,"ix":4},"sa":{"a":0,"k":0,"ix":5},"nm":"Transform"}],"nm":"kid face","np":4,"cix":2,"bm":0,"ix":2,"mn":"ADBE Vector Group","hd":false},{"ty":"tr","p":{"a":0,"k":[737.505,698.38],"ix":2},"a":{"a":0,"k":[737.505,698.38],"ix":1},"s":{"a":0,"k":[100,100],"ix":3},"r":{"a":0,"k":0,"ix":6},"o":{"a":0,"k":100,"ix":7},"sk":{"a":0,"k":0,"ix":4},"sa":{"a":0,"k":0,"ix":5},"nm":"Transform"}],"nm":"kid head","np":2,"cix":2,"bm":0,"ix":2,"mn":"ADBE Vector Group","hd":false},{"ty":"tr","p":{"a":0,"k":[737.505,698.38],"ix":2},"a":{"a":0,"k":[737.505,698.38],"ix":1},"s":{"a":0,"k":[100,100],"ix":3},"r":{"a":0,"k":0,"ix":6},"o":{"a":0,"k":100,"ix":7},"sk":{"a":0,"k":0,"ix":4},"sa":{"a":0,"k":0,"ix":5},"nm":"Transform"}],"nm":"Group 1","np":2,"cix":2,"bm":0,"ix":1,"mn":"ADBE Vector Group","hd":false}],"ip":0,"op":4521,"st":0,"bm":0},{"ddd":0,"ind":3,"ty":4,"nm":"Shape Layer 3","sr":1,"ks":{"o":{"a":0,"k":100,"ix":11},"r":{"a":1,"k":[{"i":{"x":[0.667],"y":[1]},"o":{"x":[0.333],"y":[0]},"t":0,"s":[0]},{"i":{"x":[0.667],"y":[1]},"o":{"x":[0.333],"y":[0]},"t":50,"s":[16]},{"t":100,"s":[0]}],"ix":10},"p":{"a":1,"k":[{"i":{"x":0.667,"y":1},"o":{"x":0.333,"y":0},"t":0,"s":[994.5,868,0],"to":[-7,-0.667,0],"ti":[0,0,0]},{"i":{"x":0.667,"y":1},"o":{"x":0.333,"y":0},"t":50,"s":[952.5,864,0],"to":[0,0,0],"ti":[-7,-0.667,0]},{"t":100,"s":[994.5,868,0]}],"ix":2},"a":{"a":1,"k":[{"i":{"x":0.667,"y":0.667},"o":{"x":0.333,"y":0.333},"t":0,"s":[1312,972,0],"to":[0,0,0],"ti":[0,0,0]},{"t":100,"s":[1312,972,0]}],"ix":1},"s":{"a":0,"k":[100,100,100],"ix":6}},"ao":0,"shapes":[{"ty":"gr","it":[{"ty":"gr","it":[{"ind":0,"ty":"sh","ix":1,"ks":{"a":0,"k":{"i":[[0.366,-7.514],[-1.649,-52.779],[0,0],[0,0],[0.61,2.12],[2.679,12.93],[0.219,1.11],[1,6],[0,0],[7.851,48.18],[-1.399,0.19],[-9.388,2.573],[-9.71,2.96],[-13.09,-0.32]],"o":[[-2.41,50.42],[0,0],[0,0],[-0.85,-3.6],[-1.49,-5.21],[-0.22,-1.06],[-1.04,-6],[0,0],[-5.26,-27.19],[1.37,-0.14],[9.629,-1.424],[9.88,-2.62],[21.89,-6.66],[-0.44,7.48]],"v":[[57.566,-75.73],[56.304,78.459],[47.945,80.459],[-26.425,98.54],[-28.594,89.95],[-34.885,62.75],[-35.545,59.5],[-38.605,41.5],[-38.925,42.5],[-58.776,-70.56],[-54.615,-71.06],[-26.064,-77.06],[3.566,-85.69],[58.776,-98.22]],"c":true},"ix":2},"nm":"Path 1","mn":"ADBE Vector Shape - Group","hd":false},{"ty":"fl","c":{"a":0,"k":[0.773000021542,0.811999990426,0.838999968884,1],"ix":4},"o":{"a":0,"k":100,"ix":5},"r":1,"bm":0,"nm":"Fill 1","mn":"ADBE Vector Graphic - Fill","hd":false},{"ty":"tr","p":{"a":0,"k":[1302.885,1005.48],"ix":2},"a":{"a":0,"k":[0,0],"ix":1},"s":{"a":0,"k":[100,100],"ix":3},"r":{"a":0,"k":0,"ix":6},"o":{"a":0,"k":100,"ix":7},"sk":{"a":0,"k":0,"ix":4},"sa":{"a":0,"k":0,"ix":5},"nm":"Transform"}],"nm":"right short","np":4,"cix":2,"bm":0,"ix":1,"mn":"ADBE Vector Group","hd":false},{"ty":"gr","it":[{"ind":0,"ty":"sh","ix":1,"ks":{"a":0,"k":{"i":[[-0.45,-1.99],[0,0],[1.333,3.986],[2.42,7.493],[7.02,29.91],[0,0],[-0.069,-2.47],[-28.181,-138.36],[-0.005,-0.016],[-3.366,-15.02]],"o":[[0,0],[-1.334,-4.067],[-2.58,-7.84],[-40.65,-126.67],[0,0],[-0.17,6.85],[0.37,12.8],[-0.005,0.017],[2.819,13.827],[0.441,1.95]],"v":[[57.315,146.305],[17.985,143.965],[13.985,131.885],[6.485,108.885],[-57.315,-128.225],[17.054,-146.305],[16.924,-132.305],[46.695,97.055],[46.695,97.105],[55.974,140.375]],"c":true},"ix":2},"nm":"Path 1","mn":"ADBE Vector Shape - Group","hd":false},{"ty":"fl","c":{"a":0,"k":[0.830999995213,0.630999995213,0.505999995213,1],"ix":4},"o":{"a":0,"k":100,"ix":5},"r":1,"bm":0,"nm":"Fill 1","mn":"ADBE Vector Graphic - Fill","hd":false},{"ty":"tr","p":{"a":0,"k":[1338.795,1230.315],"ix":2},"a":{"a":0,"k":[0,0],"ix":1},"s":{"a":0,"k":[100,100],"ix":3},"r":{"a":0,"k":0,"ix":6},"o":{"a":0,"k":100,"ix":7},"sk":{"a":0,"k":0,"ix":4},"sa":{"a":0,"k":0,"ix":5},"nm":"Transform"}],"nm":"right leg","np":4,"cix":2,"bm":0,"ix":2,"mn":"ADBE Vector Group","hd":false},{"ty":"tr","p":{"a":0,"k":[737.505,698.38],"ix":2},"a":{"a":0,"k":[737.505,698.38],"ix":1},"s":{"a":0,"k":[100,100],"ix":3},"r":{"a":0,"k":0,"ix":6},"o":{"a":0,"k":100,"ix":7},"sk":{"a":0,"k":0,"ix":4},"sa":{"a":0,"k":0,"ix":5},"nm":"Transform"}],"nm":"kid right","np":2,"cix":2,"bm":0,"ix":1,"mn":"ADBE Vector Group","hd":false}],"ip":0,"op":4521,"st":0,"bm":0},{"ddd":0,"ind":4,"ty":4,"nm":"Shape Layer 4","sr":1,"ks":{"o":{"a":0,"k":100,"ix":11},"r":{"a":0,"k":0,"ix":10},"p":{"a":1,"k":[{"i":{"x":0.667,"y":1},"o":{"x":0.333,"y":0},"t":0,"s":[536.5,540,0],"to":[-4,0,0],"ti":[0,0,0]},{"i":{"x":0.667,"y":1},"o":{"x":0.333,"y":0},"t":50,"s":[512.5,540,0],"to":[0,0,0],"ti":[-4,0,0]},{"t":100,"s":[536.5,540,0]}],"ix":2},"a":{"a":0,"k":[0,0,0],"ix":1},"s":{"a":0,"k":[100,100,100],"ix":6}},"ao":0,"shapes":[{"ty":"gr","it":[{"ty":"gr","it":[{"ind":0,"ty":"sh","ix":1,"ks":{"a":0,"k":{"i":[[0,0],[2.174,-8.852],[0,0],[0,0],[0,0],[-12.129,41.5],[0,0],[0,0],[-17.82,1.89],[-5.3,-27.21],[-1.053,-5.1]],"o":[[-2,8.44],[0,0],[0,0],[0,0],[9.469,-56.74],[0,0],[0,0],[8.43,10.56],[7.89,48.15],[1.2,6.233],[0,0]],"v":[[49.785,59.306],[43.525,85.245],[31.444,82.106],[-35.415,64.806],[-49.785,61.076],[-17.235,-85.244],[-15.665,-85.154],[-15.334,-85.154],[25.955,-74.244],[45.845,38.806],[49.224,55.806]],"c":true},"ix":2},"nm":"Path 1","mn":"ADBE Vector Shape - Group","hd":false},{"ty":"fl","c":{"a":0,"k":[0.685999971278,0.725,0.773000021542,1],"ix":4},"o":{"a":0,"k":100,"ix":5},"r":1,"bm":0,"nm":"Fill 1","mn":"ADBE Vector Graphic - Fill","hd":false},{"ty":"tr","p":{"a":0,"k":[1223.155,1009.194],"ix":2},"a":{"a":0,"k":[0,0],"ix":1},"s":{"a":0,"k":[100,100],"ix":3},"r":{"a":0,"k":0,"ix":6},"o":{"a":0,"k":100,"ix":7},"sk":{"a":0,"k":0,"ix":4},"sa":{"a":0,"k":0,"ix":5},"nm":"Transform"}],"nm":"left short","np":4,"cix":2,"bm":0,"ix":1,"mn":"ADBE Vector Group","hd":false},{"ty":"gr","it":[{"ind":0,"ty":"sh","ix":1,"ks":{"a":0,"k":{"i":[[0,0],[0,0],[0,0],[0,0],[0,0],[0,0],[0,0],[0,0]],"o":[[0,0],[0,0],[0,0],[0,0],[0,0],[0,0],[0,0],[0,0]],"v":[[52.219,-126.42],[36.659,-79.46],[-14.191,142.86],[-14.4,143.77],[-52.22,141.52],[-51.48,135.88],[-51.48,135.87],[-14.64,-143.77]],"c":true},"ix":2},"nm":"Path 1","mn":"ADBE Vector Shape - Group","hd":false},{"ty":"fl","c":{"a":0,"k":[0.728999956916,0.545000023935,0.447000002394,1],"ix":4},"o":{"a":0,"k":100,"ix":5},"r":1,"bm":0,"nm":"Fill 1","mn":"ADBE Vector Graphic - Fill","hd":false},{"ty":"tr","p":{"a":0,"k":[1202.38,1217.72],"ix":2},"a":{"a":0,"k":[0,0],"ix":1},"s":{"a":0,"k":[100,100],"ix":3},"r":{"a":0,"k":0,"ix":6},"o":{"a":0,"k":100,"ix":7},"sk":{"a":0,"k":0,"ix":4},"sa":{"a":0,"k":0,"ix":5},"nm":"Transform"}],"nm":"left leg","np":4,"cix":2,"bm":0,"ix":2,"mn":"ADBE Vector Group","hd":false},{"ty":"tr","p":{"a":0,"k":[-110.495,58.38],"ix":2},"a":{"a":0,"k":[737.505,698.38],"ix":1},"s":{"a":0,"k":[100,100],"ix":3},"r":{"a":0,"k":0,"ix":6},"o":{"a":0,"k":100,"ix":7},"sk":{"a":0,"k":0,"ix":4},"sa":{"a":0,"k":0,"ix":5},"nm":"Transform"}],"nm":"kid left","np":2,"cix":2,"bm":0,"ix":1,"mn":"ADBE Vector Group","hd":false}],"ip":0,"op":4521,"st":0,"bm":0},{"ddd":0,"ind":5,"ty":4,"nm":"Shape Layer 5","sr":1,"ks":{"o":{"a":0,"k":100,"ix":11},"r":{"a":1,"k":[{"i":{"x":[0.667],"y":[1]},"o":{"x":[0.333],"y":[0]},"t":0,"s":[-10]},{"i":{"x":[0.667],"y":[1]},"o":{"x":[0.333],"y":[0]},"t":50,"s":[0]},{"t":100,"s":[-10]}],"ix":10},"p":{"a":1,"k":[{"i":{"x":0.667,"y":1},"o":{"x":0.333,"y":0},"t":0,"s":[186.5,252,0],"to":[3.667,0,0],"ti":[0,0,0]},{"i":{"x":0.667,"y":1},"o":{"x":0.333,"y":0},"t":50,"s":[208.5,252,0],"to":[0,0,0],"ti":[3.667,0,0]},{"t":100,"s":[186.5,252,0]}],"ix":2},"a":{"a":0,"k":[-334,-288,0],"ix":1},"s":{"a":0,"k":[100,100,100],"ix":6}},"ao":0,"shapes":[{"ty":"gr","it":[{"ty":"gr","it":[{"ty":"gr","it":[{"ind":0,"ty":"sh","ix":1,"ks":{"a":0,"k":{"i":[[-65.15,56.86],[19.58,-59.98],[0,0]],"o":[[-69.526,92.894],[0,0],[57.89,-73.9]],"v":[[91.665,-114.655],[-41.995,114.655],[-91.665,82.275]],"c":true},"ix":2},"nm":"Path 1","mn":"ADBE Vector Shape - Group","hd":false},{"ty":"fl","c":{"a":0,"k":[0.686274509804,0.725490196078,0.772549079446,1],"ix":4},"o":{"a":0,"k":100,"ix":5},"r":1,"bm":0,"nm":"Fill 1","mn":"ADBE Vector Graphic - Fill","hd":false},{"ty":"tr","p":{"a":0,"k":[395.885,400.915],"ix":2},"a":{"a":0,"k":[0,0],"ix":1},"s":{"a":0,"k":[100,100],"ix":3},"r":{"a":0,"k":0,"ix":6},"o":{"a":0,"k":100,"ix":7},"sk":{"a":0,"k":0,"ix":4},"sa":{"a":0,"k":0,"ix":5},"nm":"Transform"}],"nm":"sleeve shade","np":4,"cix":2,"bm":0,"ix":1,"mn":"ADBE Vector Group","hd":false},{"ty":"gr","it":[{"ind":0,"ty":"sh","ix":1,"ks":{"a":0,"k":{"i":[[0,0],[0,0],[49.18,-131.03],[0,0],[28.2,-41.094],[0,0],[-212.347,33.64],[0,0]],"o":[[0,0],[-101.46,155.66],[0,0],[-29.233,37.3],[0,0],[185.286,-193.647],[0,0],[0,0]],"v":[[262.695,-247.045],[339.695,-167.325],[173.865,250.995],[-70.545,91.655],[-156.695,209.245],[-339.695,89.935],[256.755,-250.995],[262.685,-247.135]],"c":true},"ix":2},"nm":"Path 1","mn":"ADBE Vector Shape - Group","hd":false},{"ty":"fl","c":{"a":0,"k":[0.773000021542,0.811999990426,0.838999968884,1],"ix":4},"o":{"a":0,"k":100,"ix":5},"r":1,"bm":0,"nm":"Fill 1","mn":"ADBE Vector Graphic - Fill","hd":false},{"ty":"tr","p":{"a":0,"k":[374.765,391.535],"ix":2},"a":{"a":0,"k":[0,0],"ix":1},"s":{"a":0,"k":[100,100],"ix":3},"r":{"a":0,"k":0,"ix":6},"o":{"a":0,"k":100,"ix":7},"sk":{"a":0,"k":0,"ix":4},"sa":{"a":0,"k":0,"ix":5},"nm":"Transform"}],"nm":"shirt","np":4,"cix":2,"bm":0,"ix":2,"mn":"ADBE Vector Group","hd":false},{"ty":"gr","it":[{"ind":0,"ty":"sh","ix":1,"ks":{"a":0,"k":{"i":[[-27.61,40.16],[0,0],[-198,-88.46],[0,0],[-88.35,201.36]],"o":[[0,0],[-72.06,142.66],[0,0],[-181.8,-87.64],[22.85,-52.18]],"v":[[-21.895,-298.66],[35.245,-255.72],[186.495,111.74],[98.595,298.66],[-98.145,-153.34]],"c":true},"ix":2},"nm":"Path 1","mn":"ADBE Vector Shape - Group","hd":false},{"ty":"fl","c":{"a":0,"k":[0.685999971278,0.725,0.773000021542,1],"ix":4},"o":{"a":0,"k":100,"ix":5},"r":1,"bm":0,"nm":"Fill 1","mn":"ADBE Vector Graphic - Fill","hd":false},{"ty":"tr","p":{"a":0,"k":[677.505,479.72],"ix":2},"a":{"a":0,"k":[0,0],"ix":1},"s":{"a":0,"k":[100,100],"ix":3},"r":{"a":0,"k":0,"ix":6},"o":{"a":0,"k":100,"ix":7},"sk":{"a":0,"k":0,"ix":4},"sa":{"a":0,"k":0,"ix":5},"nm":"Transform"}],"nm":"sleeve","np":4,"cix":2,"bm":0,"ix":3,"mn":"ADBE Vector Group","hd":false},{"ty":"tr","p":{"a":0,"k":[737.505,698.38],"ix":2},"a":{"a":0,"k":[737.505,698.38],"ix":1},"s":{"a":0,"k":[100,100],"ix":3},"r":{"a":0,"k":0,"ix":6},"o":{"a":0,"k":100,"ix":7},"sk":{"a":0,"k":0,"ix":4},"sa":{"a":0,"k":0,"ix":5},"nm":"Transform"}],"nm":"body","np":3,"cix":2,"bm":0,"ix":1,"mn":"ADBE Vector Group","hd":false},{"ty":"gr","it":[{"ind":0,"ty":"sh","ix":1,"ks":{"a":0,"k":{"i":[[0,0],[0,0],[-28.187,-1.9],[20.34,11.52],[-2.1,8.1],[-1.04,12.13],[56,-13.814],[0,0]],"o":[[0,0],[35.04,12.1],[7.7,-0.94],[-20.34,-11.52],[2.1,-8.1],[0.666,-8.08],[0,0],[0,0]],"v":[[-139.935,27.69],[25.575,24.08],[120.415,45.08],[119.595,28.16],[80.525,-4.46],[101.005,-24.4],[18.005,-15.8],[-121.095,-45.08]],"c":true},"ix":2},"nm":"Path 1","mn":"ADBE Vector Shape - Group","hd":false},{"ty":"fl","c":{"a":0,"k":[1,0.8,0.6705882352941176,1],"ix":4},"o":{"a":0,"k":100,"ix":5},"r":1,"bm":0,"nm":"Fill 1","mn":"ADBE Vector Graphic - Fill","hd":false},{"ty":"tr","p":{"a":0,"k":[817.225,653.51],"ix":2},"a":{"a":0,"k":[0,0],"ix":1},"s":{"a":0,"k":[100,100],"ix":3},"r":{"a":0,"k":0,"ix":6},"o":{"a":0,"k":100,"ix":7},"sk":{"a":0,"k":0,"ix":4},"sa":{"a":0,"k":0,"ix":5},"nm":"Transform"}],"nm":"hand","np":4,"cix":2,"bm":0,"ix":2,"mn":"ADBE Vector Group","hd":false},{"ty":"tr","p":{"a":0,"k":[-128.495,58.38],"ix":2},"a":{"a":0,"k":[737.505,698.38],"ix":1},"s":{"a":0,"k":[100,100],"ix":3},"r":{"a":0,"k":0,"ix":6},"o":{"a":0,"k":100,"ix":7},"sk":{"a":0,"k":0,"ix":4},"sa":{"a":0,"k":0,"ix":5},"nm":"Transform"}],"nm":"body with hand","np":2,"cix":2,"bm":0,"ix":1,"mn":"ADBE Vector Group","hd":false}],"ip":0,"op":4521,"st":0,"bm":0},{"ddd":0,"ind":6,"ty":4,"nm":"Shape Layer 6","sr":1,"ks":{"o":{"a":0,"k":100,"ix":11},"r":{"a":1,"k":[{"i":{"x":[0.667],"y":[1]},"o":{"x":[0.333],"y":[0]},"t":0,"s":[-12]},{"i":{"x":[0.667],"y":[1]},"o":{"x":[0.333],"y":[0]},"t":50,"s":[5]},{"t":100,"s":[-12]}],"ix":10},"p":{"a":1,"k":[{"i":{"x":0.667,"y":1},"o":{"x":0.333,"y":0},"t":0,"s":[292.5,62,0],"to":[10.667,4.333,0],"ti":[0,0,0]},{"i":{"x":0.667,"y":1},"o":{"x":0.333,"y":0},"t":50,"s":[356.5,88,0],"to":[0,0,0],"ti":[10.667,4.333,0]},{"t":100,"s":[292.5,62,0]}],"ix":2},"a":{"a":0,"k":[-186,-452,0],"ix":1},"s":{"a":0,"k":[100,100,100],"ix":6}},"ao":0,"shapes":[{"ty":"gr","it":[{"ty":"gr","it":[{"ind":0,"ty":"sh","ix":1,"ks":{"a":0,"k":{"i":[[0,0],[-19.82,5.69]],"o":[[0,0],[0,0]],"v":[[-0.31,-20.625],[9.91,14.935]],"c":true},"ix":2},"nm":"Path 1","mn":"ADBE Vector Shape - Group","hd":false},{"ty":"fl","c":{"a":0,"k":[0.910000011968,0.913999968884,0.917999985639,1],"ix":4},"o":{"a":0,"k":100,"ix":5},"r":1,"bm":0,"nm":"Fill 1","mn":"ADBE Vector Graphic - Fill","hd":false},{"ty":"tr","p":{"a":0,"k":[751.03,200.625],"ix":2},"a":{"a":0,"k":[0,0],"ix":1},"s":{"a":1,"k":[{"i":{"x":[0.667,0.667],"y":[1,1]},"o":{"x":[0.333,0.333],"y":[0,0]},"t":0,"s":[73,73]},{"i":{"x":[0.667,0.667],"y":[1,1]},"o":{"x":[0.333,0.333],"y":[0,0]},"t":50,"s":[100,100]},{"t":100,"s":[73,73]}],"ix":3},"r":{"a":0,"k":0,"ix":6},"o":{"a":1,"k":[{"i":{"x":[0.667],"y":[1]},"o":{"x":[0.333],"y":[0]},"t":0,"s":[61]},{"i":{"x":[0.667],"y":[1]},"o":{"x":[0.333],"y":[0]},"t":50,"s":[100]},{"t":100,"s":[61]}],"ix":7},"sk":{"a":1,"k":[{"i":{"x":[0.667],"y":[1]},"o":{"x":[0.333],"y":[0]},"t":0,"s":[-23]},{"i":{"x":[0.667],"y":[1]},"o":{"x":[0.333],"y":[0]},"t":50,"s":[0]},{"t":100,"s":[-23]}],"ix":4},"sa":{"a":0,"k":0,"ix":5},"nm":"Transform"}],"nm":"mouth","np":4,"cix":2,"bm":0,"ix":1,"mn":"ADBE Vector Group","hd":false},{"ty":"gr","it":[{"ind":0,"ty":"sh","ix":1,"ks":{"a":0,"k":{"i":[[-4.101,5.81],[2.272,5.26],[0.92,1.047],[-0.129,0.4],[-0.191,0.24],[-0.5,0.837],[-0.275,3.311],[3.436,5.293],[2.901,1.767],[1.605,0.721],[0.24,0.42],[0.019,0.54],[4.16,5.08],[7.401,1.94],[1.605,0.238],[0.86,0.05],[0.54,0],[0.111,0.9],[2.475,2.441],[1.847,0.958],[0.439,0.53],[0.241,0.67],[3.032,2.709],[4.032,1.3],[1.97,-0.072],[0.87,0.04],[0.577,-0.047],[0.18,0.42],[2.011,1.269],[4.43,0.33],[2.257,-0.332],[1.06,-0.26],[0.544,-0.101],[0.62,0.38],[3.726,0.163],[3.3,-1.816],[0.17,0.02],[0.2,0.19],[0.736,0.567],[1.558,0.722],[6.219,-2.429],[3.506,-6.123],[0.374,-1.064],[0.63,-0.2],[0.72,-0.18],[2.117,-1.148],[2.688,-2.952],[0.705,-1.711],[0.18,-0.927],[0.048,-0.49],[0.045,-0.284],[0.75,-0.32],[1.151,-0.27],[1.1,-0.43],[2.086,-1.158],[1.89,-4.28],[-0.062,-2.008],[-0.23,-0.954],[0.21,-0.44],[0.46,-0.27],[2.65,-3.9],[-0.375,-4.379],[-7.55,-3.36],[-2.131,-0.345],[-4.96,-3.7],[-7.414,1.676],[-6.88,1.36],[-1.458,0.901],[-0.75,0.49],[-1.17,0.209],[-1.798,1.362],[-0.823,0.853],[-0.949,0.436],[0.682,1.928],[-0.333,1.892],[-2.487,3.409],[-9.151,-3.8],[-2.181,-4.45],[0.64,-0.88],[-0.029,-0.72],[-1.259,-0.24],[-2.133,0.478],[-4.37,1.851],[-3.44,1.14],[-3.446,-1.125],[-3.391,-2.11],[-3.981,-0.52],[-0.882,0.038],[-0.823,-0.094],[-0.11,-0.97],[1.437,-4.649],[2.174,-4.103],[0.59,-3.53],[-2.42,-1.34],[-2.812,0.316],[-1.207,1.488],[-0.74,0.88],[-0.402,0.836],[0.715,1.656],[-2.412,0.591],[-2.302,1.421],[-0.731,1.982],[0.239,2.16],[-3.538,0.332]],"o":[[3.404,-4.608],[-0.593,-1.261],[-0.33,-0.38],[0.13,-0.4],[0.6,-0.768],[1.641,-2.888],[0.648,-6.277],[-1.931,-2.795],[-1.492,-0.93],[-0.489,-0.22],[-0.241,-0.42],[-0.15,-6.64],[-4.69,-5.74],[-1.564,-0.428],[-0.85,-0.12],[-0.51,0],[-0.87,0],[-0.418,-3.451],[-1.51,-1.43],[-0.63,-0.33],[-0.44,-0.53],[-1.314,-3.847],[-3.177,-2.803],[-1.856,-0.666],[-0.87,0],[-0.562,-0.14],[0.29,-0.1],[-0.985,-2.163],[-3.79,-2.46],[-2.277,-0.159],[-1.08,0.16],[-0.521,0.185],[-0.67,0],[-3.155,-1.987],[-3.765,-0.107],[-0.19,0.11],[-0.17,-0.02],[-0.663,-0.652],[-1.353,-1.058],[-6.124,-2.66],[-6.623,2.435],[-0.55,0.985],[-0.22,0.65],[-0.63,0.2],[-2.338,0.578],[-3.577,1.773],[-1.216,1.395],[-0.353,0.876],[-0.099,0.483],[0.005,0.288],[-0.15,0.66],[-1.114,0.396],[-1.13,0.36],[-2.234,0.839],[-4,2.28],[-0.819,1.835],[0.029,0.981],[0.12,0.49],[-0.21,0.44],[-4,2.38],[-2.44,3.655],[0.72,8.41],[1.973,0.876],[-1.72,6.62],[6.159,4.455],[-1.5,7.24],[1.678,-0.35],[0.77,-0.46],[1.08,-0.495],[2.168,-0.621],[0.909,-0.759],[0.804,-0.666],[-1.42,-1.472],[-0.576,-1.833],[0.702,-4.161],[5.08,-7.49],[4.269,1.77],[2.3,4.67],[-0.4,0.55],[0.08,1.63],[2.163,0.332],[4.669,-0.854],[3.35,-1.43],[3.4,-1.254],[3.789,1.36],[3.39,2.11],[0.873,0.132],[0.804,-0.193],[1,0.4],[0.453,4.845],[-1.23,4.478],[-1.691,3.1],[-0.26,1.57],[2.525,1.282],[1.873,-0.402],[0.73,-0.87],[0.613,-0.697],[0.715,-1.656],[2.453,0.379],[2.632,-0.626],[1.803,-1.101],[0.71,-2.11],[3.464,0.789],[6.76,-0.62]],"v":[[122.529,57.537],[124.359,41.597],[122.079,38.117],[121.678,37.317],[122.449,36.377],[124.099,33.967],[127.008,24.557],[122.699,6.677],[115.369,-0.243],[110.718,-2.723],[108.129,-3.823],[108.199,-6.463],[101.039,-24.253],[84.178,-37.253],[79.419,-38.253],[76.869,-38.523],[75.329,-38.583],[74.218,-39.283],[69.749,-48.383],[64.689,-51.983],[61.819,-53.313],[61.008,-56.313],[54.379,-66.313],[43.449,-72.533],[37.659,-73.433],[35.049,-73.323],[33.329,-73.463],[31.919,-78.703],[27.329,-83.963],[14.329,-87.633],[7.509,-87.373],[4.299,-86.743],[2.699,-86.313],[1.239,-86.843],[-9.261,-90.123],[-20.051,-87.513],[-21.131,-86.883],[-21.951,-87.703],[-24.051,-89.533],[-28.431,-92.213],[-47.701,-92.573],[-63.381,-79.323],[-64.771,-76.243],[-65.551,-75.303],[-67.791,-74.853],[-74.501,-72.253],[-83.981,-65.103],[-86.881,-60.413],[-87.681,-57.703],[-87.901,-56.243],[-87.961,-55.383],[-88.461,-54.613],[-91.861,-53.613],[-95.201,-52.423],[-101.691,-49.423],[-111.251,-39.733],[-112.401,-33.893],[-112.011,-30.983],[-111.811,-29.543],[-113.441,-28.463],[-124.091,-19.403],[-127.281,-6.993],[-112.881,11.957],[-106.701,13.797],[-98.061,30.497],[-76.711,34.867],[-63.711,47.247],[-58.971,45.357],[-56.801,43.787],[-53.411,42.727],[-47.411,39.727],[-44.811,37.307],[-42.171,35.647],[-45.361,30.487],[-45.731,24.817],[-40.881,13.307],[-17.881,3.937],[-3.811,19.637],[-7.271,36.717],[-8.322,38.437],[-4.322,40.957],[2.178,40.737],[15.779,36.667],[25.779,32.327],[36.349,32.127],[46.859,37.977],[57.739,42.447],[60.379,42.587],[62.839,42.437],[63.729,45.807],[62.239,60.187],[57.119,73.097],[52.119,83.007],[58.678,92.527],[66.859,94.007],[71.619,91.087],[73.619,88.327],[75.149,86.017],[75.149,80.827],[82.519,80.507],[89.968,77.417],[93.879,72.657],[93.979,65.967],[104.549,66.657]],"c":true},"ix":2},"nm":"Path 1","mn":"ADBE Vector Shape - Group","hd":false},{"ty":"fl","c":{"a":0,"k":[0,0,0,1],"ix":4},"o":{"a":0,"k":100,"ix":5},"r":1,"bm":0,"nm":"Fill 1","mn":"ADBE Vector Graphic - Fill","hd":false},{"ty":"tr","p":{"a":0,"k":[773.881,94.323],"ix":2},"a":{"a":0,"k":[0,0],"ix":1},"s":{"a":0,"k":[100,100],"ix":3},"r":{"a":0,"k":0,"ix":6},"o":{"a":0,"k":100,"ix":7},"sk":{"a":0,"k":0,"ix":4},"sa":{"a":0,"k":0,"ix":5},"nm":"Transform"}],"nm":"hair","np":4,"cix":2,"bm":0,"ix":2,"mn":"ADBE Vector Group","hd":false},{"ty":"gr","it":[{"ind":0,"ty":"sh","ix":1,"ks":{"a":0,"k":{"i":[[0,0],[-18.95,13.23],[14.79,-35],[19.21,14.32],[3.17,23.21],[0,0],[0,0]],"o":[[4.09,-21.64],[54.55,-38],[-14.79,35],[-7.67,-5.71],[0,0],[0,0],[0,0]],"v":[[-12.525,-9.805],[20.425,-65.035],[106.745,12.965],[5.295,85.235],[-13.365,37.295],[-74.875,103.035],[-121.535,45.125]],"c":true},"ix":2},"nm":"Path 1","mn":"ADBE Vector Shape - Group","hd":false},{"ty":"fl","c":{"a":0,"k":[1,0.8,0.6705882352941176,1],"ix":4},"o":{"a":0,"k":100,"ix":5},"r":1,"bm":0,"nm":"Fill 1","mn":"ADBE Vector Graphic - Fill","hd":false},{"ty":"tr","p":{"a":0,"k":[732.875,142.335],"ix":2},"a":{"a":0,"k":[0,0],"ix":1},"s":{"a":0,"k":[100,100],"ix":3},"r":{"a":0,"k":0,"ix":6},"o":{"a":0,"k":100,"ix":7},"sk":{"a":0,"k":0,"ix":4},"sa":{"a":0,"k":0,"ix":5},"nm":"Transform"}],"nm":"face","np":4,"cix":2,"bm":0,"ix":3,"mn":"ADBE Vector Group","hd":false},{"ty":"tr","p":{"a":0,"k":[-134.495,-487.62],"ix":2},"a":{"a":0,"k":[725.505,148.38],"ix":1},"s":{"a":0,"k":[100,100],"ix":3},"r":{"a":0,"k":0,"ix":6},"o":{"a":0,"k":100,"ix":7},"sk":{"a":0,"k":0,"ix":4},"sa":{"a":0,"k":0,"ix":5},"nm":"Transform"}],"nm":"head","np":3,"cix":2,"bm":0,"ix":1,"mn":"ADBE Vector Group","hd":false}],"ip":0,"op":4521,"st":0,"bm":0},{"ddd":0,"ind":7,"ty":4,"nm":"Shape Layer 7","sr":1,"ks":{"o":{"a":0,"k":100,"ix":11},"r":{"a":1,"k":[{"i":{"x":[0.667],"y":[1]},"o":{"x":[0.333],"y":[0]},"t":0,"s":[0]},{"i":{"x":[0.667],"y":[1]},"o":{"x":[0.333],"y":[0]},"t":50,"s":[-17]},{"t":100,"s":[0]}],"ix":10},"p":{"a":1,"k":[{"i":{"x":0.667,"y":1},"o":{"x":0.333,"y":0},"t":0,"s":[42.5,520,0],"to":[3,-2,0],"ti":[0,0,0]},{"i":{"x":0.667,"y":1},"o":{"x":0.333,"y":0},"t":50,"s":[60.5,508,0],"to":[0,0,0],"ti":[3,-2,0]},{"t":100,"s":[42.5,520,0]}],"ix":2},"a":{"a":1,"k":[{"i":{"x":0.667,"y":0.667},"o":{"x":0.333,"y":0.333},"t":0,"s":[-484,-20,0],"to":[0,0,0],"ti":[0,0,0]},{"t":100,"s":[-484,-20,0]}],"ix":1},"s":{"a":0,"k":[100,100,100],"ix":6}},"ao":0,"shapes":[{"ty":"gr","it":[{"ind":0,"ty":"sh","ix":1,"ks":{"a":0,"k":{"i":[[0,0],[3.77,-8.43],[153.96,-122.467],[0,0],[-9.34,15.727],[-36.64,129.4]],"o":[[-1.62,135.26],[-2.52,5.62],[0,0],[182.793,-117.86],[14,-23.55],[0,0]],"v":[[18.95,-285.06],[14.73,40.74],[-219.99,232.87],[-189.3,285.06],[98.9,84.68],[219.99,-285.06]],"c":true},"ix":2},"nm":"Path 1","mn":"ADBE Vector Shape - Group","hd":false},{"ty":"fl","c":{"a":0,"k":[0.5882352941176471,0.03137254901960784,0.03137254901960784,1],"ix":4},"o":{"a":0,"k":100,"ix":5},"r":1,"bm":0,"nm":"Fill 1","mn":"ADBE Vector Graphic - Fill","hd":false},{"ty":"tr","p":{"a":0,"k":[-582.01,143.73],"ix":2},"a":{"a":0,"k":[0,0],"ix":1},"s":{"a":0,"k":[100,100],"ix":3},"r":{"a":0,"k":0,"ix":6},"o":{"a":0,"k":100,"ix":7},"sk":{"a":0,"k":0,"ix":4},"sa":{"a":0,"k":0,"ix":5},"nm":"Transform"}],"nm":"left leg","np":4,"cix":2,"bm":0,"ix":1,"mn":"ADBE Vector Group","hd":false}],"ip":0,"op":4521,"st":0,"bm":0},{"ddd":0,"ind":8,"ty":4,"nm":"Asset 8 Outlines","sr":1,"ks":{"o":{"a":0,"k":100,"ix":11},"r":{"a":0,"k":0,"ix":10},"p":{"a":0,"k":[419.458,592.681,0],"ix":2},"a":{"a":0,"k":[738,698.5,0],"ix":1},"s":{"a":0,"k":[100,100,100],"ix":6}},"ao":0,"shapes":[{"ty":"gr","it":[{"ind":0,"ty":"sh","ix":1,"ks":{"a":0,"k":{"i":[[0,0],[0,0],[0,0],[-49.7,-13.427],[0,0],[0,0],[0,0],[0,0]],"o":[[0,0],[0,0],[30.86,21.686],[0,0],[0,0],[0,0],[0,0],[0,0]],"v":[[-94.5,32.535],[-91.41,-32.535],[-26.34,-32.535],[94.5,20.136],[94.5,32.535],[-23.24,32.535],[-63.52,26.335],[-63.52,32.535]],"c":true},"ix":2},"nm":"Path 1","mn":"ADBE Vector Shape - Group","hd":false},{"ty":"fl","c":{"a":0,"k":[0.528999956916,0.528999956916,0.528999956916,1],"ix":4},"o":{"a":0,"k":100,"ix":5},"r":1,"bm":0,"nm":"Fill 1","mn":"ADBE Vector Graphic - Fill","hd":false},{"ty":"tr","p":{"a":0,"k":[669.14,1152.675],"ix":2},"a":{"a":0,"k":[0,0],"ix":1},"s":{"a":0,"k":[100,100],"ix":3},"r":{"a":0,"k":0,"ix":6},"o":{"a":0,"k":100,"ix":7},"sk":{"a":0,"k":0,"ix":4},"sa":{"a":0,"k":0,"ix":5},"nm":"Transform"}],"nm":"shoe","np":4,"cix":2,"bm":0,"ix":3,"mn":"ADBE Vector Group","hd":false},{"ty":"gr","it":[{"ind":0,"ty":"sh","ix":1,"ks":{"a":0,"k":{"i":[[0,0],[0,0],[0,0],[0,0],[0,0]],"o":[[0,0],[0,0],[0,0],[0,0],[0,0]],"v":[[-156.47,-342.38],[-7.49,51.83],[96.93,342.38],[156.47,342.38],[12.93,-342.38]],"c":true},"ix":2},"nm":"Path 1","mn":"ADBE Vector Shape - Group","hd":false},{"ty":"fl","c":{"a":0,"k":[0.5882352941176471,0.03137254901960784,0.03137254901960784,1],"ix":4},"o":{"a":0,"k":100,"ix":5},"r":1,"bm":0,"nm":"Fill 1","mn":"ADBE Vector Graphic - Fill","hd":false},{"ty":"tr","p":{"a":0,"k":[486.23,787.05],"ix":2},"a":{"a":0,"k":[0,0],"ix":1},"s":{"a":0,"k":[100,100],"ix":3},"r":{"a":0,"k":0,"ix":6},"o":{"a":0,"k":100,"ix":7},"sk":{"a":0,"k":0,"ix":4},"sa":{"a":0,"k":0,"ix":5},"nm":"Transform"}],"nm":"right leg","np":4,"cix":2,"bm":0,"ix":4,"mn":"ADBE Vector Group","hd":false}],"ip":0,"op":4521,"st":0,"bm":0}],"markers":[]}