{
  "project_info": {
    "project_number": "603726791385",
    "project_id": "sample2-459de",
    "storage_bucket": "sample2-459de.appspot.com"
  },
  "client": [
    {
      "client_info": {
        "mobilesdk_app_id": "1:603726791385:android:bb10b86b0128a0a01874c8",
        "android_client_info": {
          "package_name": "com.example.sample2"
        }
      },
      "oauth_client": [
        {
          "client_id": "603726791385-eb6be1r9h6luk3sob3plb98rkqkjicqh.apps.googleusercontent.com",
          "client_type": 3
        }
      ],
      "api_key": [
        {
          "current_key": "AIzaSyAch1Oj--OP4-wDOKLz-whDNoLEZ2liG7I"
        }
      ],
      "services": {
        "appinvite_service": {
          "other_platform_oauth_client": [
            {
              "client_id": "603726791385-eb6be1r9h6luk3sob3plb98rkqkjicqh.apps.googleusercontent.com",
              "client_type": 3
            }
          ]
        }
      }
    }
  ],
  "configuration_version": "1"
}