{
  "project_info": {
    "project_number": "987031562951",
    "firebase_url": "https://loginwithdb-3e09c.firebaseio.com",
    "project_id": "loginwithdb-3e09c",
    "storage_bucket": "loginwithdb-3e09c.appspot.com"
  },
  "client": [
    {
      "client_info": {
        "mobilesdk_app_id": "1:987031562951:android:27f06fc37e3efa4b486ce2",
        "android_client_info": {
          "package_name": "com.example.loginwithdb"
        }
      },
      "oauth_client": [
        {
          "client_id": "987031562951-m8vi7563i4aq1k23m7m8k3slimu7q2i6.apps.googleusercontent.com",
          "client_type": 3
        }
      ],
      "api_key": [
        {
          "current_key": "AIzaSyBVXAuLRAlTIssK63n4ZQGKSkrimzhSPts"
        }
      ],
      "services": {
        "appinvite_service": {
          "other_platform_oauth_client": [
            {
              "client_id": "987031562951-m8vi7563i4aq1k23m7m8k3slimu7q2i6.apps.googleusercontent.com",
              "client_type": 3
            }
          ]
        }
      }
    }
  ],
  "configuration_version": "1"
}